{"project_name": "Twitter Sentiment Analysis", "class_id": "com-snaplogic-export-project", "entries": [{"link_serial": 111, "scrub_version": "48f99abcdf450e7c49a04015355fb699f785e8cbf8288d894686a64c6caeddd1", "update_user_id": "jumpthanawut@snaplogic.com", "class_fqid": "com-snaplogic-pipeline_8", "create_time": {"$date": 1550777441138}, "snode_id": "5c6efc61bc9ffa03c00cd740", "org_snode_id": "58865f13a87b6d3e560d8374", "migrate_version": "master-4777", "create_user_id": "jumpthanawut@snaplogic.com", "project_snode_id": "5c6eed089b085f03f2f7f8ac", "property_map": {"info": {"notes": {"value": null}, "label": {"value": "Twitter - 4 - API"}, "purpose": {"value": null}, "pipeline_doc_uri": {"value": null}, "author": {"value": "jumpthanawut@snaplogic.com"}}, "input": {"0622f36a-5ad5-4dc4-aa74-cc417c55f3c0_input0": {"view_type": {"value": "document"}, "label": {"value": "Filter - input0"}}}, "settings": {"imports": {"value": []}, "error_param_table": {"value": []}, "param_table": {"value": [{"capture": {"value": false}, "description": {"value": null}, "data_type": {"value": "string"}, "required": {"value": false}, "value": {"value": "snaplogic_ml_showcase"}, "key": {"value": "token"}}]}, "error_pipeline": {"expression": false, "value": null}}, "instance_version": 8, "error": {"error_behavior": {"value": "none"}}, "output": {"62df2dc1-4b91-43da-993e-81d8b86febb4_output0": {"label": {"value": "Prepare Response - output0"}, "view_type": {"value": "document"}}}}, "class_version": 8, "instance_fqid": "436e6141-1063-4349-8f69-61d9c7b6f927_9", "link_map": {"link110": {"src_view_id": "output0", "dst_view_id": "input0", "src_id": "3ee05356-0927-4164-b70a-1fda9d6b6134", "dst_id": "cc38bbe0-025b-4444-af3a-105aa0b7b857"}, "link108": {"src_view_id": "output0", "dst_view_id": "input0", "src_id": "64aeb7d2-c23e-4069-8800-a868b203a734", "dst_id": "8efd5d3e-90fb-4612-9878-8800656cc440"}, "link109": {"src_view_id": "output0", "dst_view_id": "input0", "src_id": "cc38bbe0-025b-4444-af3a-105aa0b7b857", "dst_id": "01bd3dba-4cba-4545-a262-39bbf0624b34"}, "link106": {"src_view_id": "output0", "dst_view_id": "input0", "src_id": "947c295b-5973-4543-a0dc-56931770b79f", "dst_id": "67078e9a-17c1-4103-9935-d707b77d938e"}, "link107": {"src_view_id": "output0", "dst_view_id": "input0", "src_id": "67078e9a-17c1-4103-9935-d707b77d938e", "dst_id": "62df2dc1-4b91-43da-993e-81d8b86febb4"}, "link104": {"src_view_id": "output0", "dst_view_id": "input0", "src_id": "8efd5d3e-90fb-4612-9878-8800656cc440", "dst_id": "947c295b-5973-4543-a0dc-56931770b79f"}, "link105": {"src_view_id": "output0", "dst_view_id": "input1", "src_id": "8d3b50f8-ef94-4e4d-9107-182e27d16dc3", "dst_id": "947c295b-5973-4543-a0dc-56931770b79f"}, "link102": {"src_view_id": "output0", "dst_view_id": "input0", "src_id": "0622f36a-5ad5-4dc4-aa74-cc417c55f3c0", "dst_id": "64aeb7d2-c23e-4069-8800-a868b203a734"}, "link103": {"src_view_id": "output0", "dst_view_id": "input0", "src_id": "21e82ea8-fde8-4f72-94db-4f11b468d53a", "dst_id": "8d3b50f8-ef94-4e4d-9107-182e27d16dc3"}, "link100": {"src_view_id": "output0", "dst_view_id": "input1", "src_id": "01bd3dba-4cba-4545-a262-39bbf0624b34", "dst_id": "67078e9a-17c1-4103-9935-d707b77d938e"}}, "update_time": {"$date": 1550860220314}, "instance_id": "436e6141-1063-4349-8f69-61d9c7b6f927", "partition_snode_id": "5badcb6e4dd5a80021536f2d", "snap_map": {"8efd5d3e-90fb-4612-9878-8800656cc440": {"instance_version": 1, "class_id": "com-snaplogic-snaps-mlnlp-tokenizer", "class_build_tag": "mldev20181117", "class_fqid": "com-snaplogic-snaps-mlnlp-tokenizer_1-mldev20181117", "instance_id": "8efd5d3e-90fb-4612-9878-8800656cc440", "property_map": {"info": {"notes": {"value": null}, "label": {"value": "Tokenizer"}}, "view_serial": 100, "input": {"input0": {"label": {"value": "input0"}, "view_type": {"value": "document"}}}, "settings": {"textFieldPath": {"value": "$text"}, "wordOnly": {"value": true}}, "error": {"error0": {"label": {"value": "error0"}, "view_type": {"value": "document"}}, "error_behavior": {"value": "fail"}}, "output": {"output0": {"label": {"value": "output0"}, "view_type": {"value": "document"}}}}, "class_version": 1, "instance_fqid": "8efd5d3e-90fb-4612-9878-8800656cc440_1"}, "8d3b50f8-ef94-4e4d-9107-182e27d16dc3": {"instance_version": 1, "class_id": "com-snaplogic-snaps-transform-jsonparser", "class_build_tag": "snapsmrc500", "class_fqid": "com-snaplogic-snaps-transform-jsonparser_1-snapsmrc500", "instance_id": "8d3b50f8-ef94-4e4d-9107-182e27d16dc3", "property_map": {"info": {"label": {"value": "JSON Parser"}}, "view_serial": 100, "input": {"input0": {"view_type": {"value": "binary"}, "label": {"value": "input0"}}}, "settings": {"allowNonStandardJson": {"value": true}, "arrayElementsAsDocuments": {"value": true}, "jsonFilterPath": {"value": ""}}, "error": {"error0": {"view_type": {"value": "document"}, "label": {"value": "error0"}}, "error_behavior": {"value": "fail"}}, "output": {"output0": {"view_type": {"value": "document"}, "label": {"value": "output0"}}}}, "class_version": 1, "instance_fqid": "8d3b50f8-ef94-4e4d-9107-182e27d16dc3_1"}, "cc38bbe0-025b-4444-af3a-105aa0b7b857": {"instance_id": "cc38bbe0-025b-4444-af3a-105aa0b7b857", "class_id": "com-snaplogic-snaps-binary-decompress", "class_build_tag": "snapsmrc508", "class_fqid": "com-snaplogic-snaps-binary-decompress_1-snapsmrc508", "instance_version": 1, "property_map": {"info": {"label": {"value": "Decompress"}}, "view_serial": 100, "input": {"input0": {"view_type": {"value": "binary"}, "label": {"value": "input0"}}}, "settings": {"scheme": {"value": "AUTO"}}, "error": {"error0": {"view_type": {"value": "binary"}, "label": {"value": "error0"}}, "error_behavior": {"value": "fail"}}, "output": {"output0": {"view_type": {"value": "binary"}, "label": {"value": "output0"}}}}, "class_version": 1, "instance_fqid": "cc38bbe0-025b-4444-af3a-105aa0b7b857_1"}, "01bd3dba-4cba-4545-a262-39bbf0624b34": {"instance_version": 1, "class_id": "com-snaplogic-snaps-transform-jsonparser", "class_build_tag": "snapsmrc480", "class_fqid": "com-snaplogic-snaps-transform-jsonparser_1-snapsmrc480", "instance_id": "01bd3dba-4cba-4545-a262-39bbf0624b34", "property_map": {"info": {"notes": {"value": null}, "label": {"value": "JSON Parser1"}}, "view_serial": 100, "input": {"input0": {"label": {"value": "input0"}, "view_type": {"value": "binary"}}}, "settings": {"jsonLines": {"value": false}, "allowNonStandardJson": {"value": true}, "arrayElementsAsDocuments": {"value": true}, "jsonFilterPath": {"value": null}}, "error": {"error0": {"label": {"value": "error0"}, "view_type": {"value": "document"}}, "error_behavior": {"value": "fail"}}, "output": {"output0": {"label": {"value": "output0"}, "view_type": {"value": "document"}}}}, "class_version": 1, "instance_fqid": "01bd3dba-4cba-4545-a262-39bbf0624b34_1"}, "62df2dc1-4b91-43da-993e-81d8b86febb4": {"instance_version": 1, "class_id": "com-snaplogic-snaps-transform-datatransform", "class_build_tag": "snapsmrc382", "class_fqid": "com-snaplogic-snaps-transform-datatransform_4-snapsmrc382", "instance_id": "62df2dc1-4b91-43da-993e-81d8b86febb4", "property_map": {"info": {"notes": {"value": null}, "label": {"value": "Prepare Response"}}, "view_serial": 100, "input": {"input0": {"view_type": {"value": "document"}, "label": {"value": "input0"}}}, "settings": {"nullSafeAccess": {"value": true}, "passThrough": {"value": false}, "transformations": {"value": {"mappingTable": {"value": [{"targetPath": {"value": "$[\"Access-Control-Allow-Origin\"]"}, "expression": {"expression": false, "value": "*"}}, {"targetPath": {"value": "$[\"content-type\"]"}, "expression": {"expression": false, "value": "application/octet-stream"}}, {"targetPath": {"value": "$[\"Access-Control-Allow-Headers\"]"}, "expression": {"expression": false, "value": "Authorization, Content-Type"}}, {"targetPath": {"value": "$content.pred"}, "expression": {"expression": true, "value": "$pred"}}]}, "mappingRoot": {"value": "$"}}}}, "error": {"error0": {"view_type": {"value": "document"}, "label": {"value": "error0"}}, "error_behavior": {"value": "fail"}}, "output": {"output0": {"view_type": {"value": "document"}, "label": {"value": "output0"}}}}, "class_version": 4, "instance_fqid": "62df2dc1-4b91-43da-993e-81d8b86febb4_1"}, "3ee05356-0927-4164-b70a-1fda9d6b6134": {"instance_version": 3, "class_id": "com-snaplogic-snaps-binary-simpleread", "class_build_tag": "snapsmrc480", "class_fqid": "com-snaplogic-snaps-binary-simpleread_1-snapsmrc480", "instance_id": "3ee05356-0927-4164-b70a-1fda9d6b6134", "property_map": {"info": {"notes": {"value": null}, "label": {"value": "Read Model"}}, "view_serial": 100, "account": {"account_ref": {"expression": false, "value": {}}}, "settings": {"enableStaging": {"value": false}, "executeDuringPreview": {"value": true}, "preventURLEncoding": {"value": false}, "filePath": {"expression": false, "value": "twitter_model.json"}}, "error": {"error0": {"label": {"value": "error0"}, "view_type": {"value": "document"}}, "error_behavior": {"value": "fail"}}, "output": {"output0": {"label": {"value": "output0"}, "view_type": {"value": "binary"}}}}, "class_version": 1, "instance_fqid": "3ee05356-0927-4164-b70a-1fda9d6b6134_3"}, "947c295b-5973-4543-a0dc-56931770b79f": {"instance_version": 1, "class_id": "com-snaplogic-snaps-mlnlp-bagofwords", "class_build_tag": "mldev20181117", "class_fqid": "com-snaplogic-snaps-mlnlp-bagofwords_1-mldev20181117", "instance_id": "947c295b-5973-4543-a0dc-56931770b79f", "property_map": {"info": {"notes": {"value": null}, "label": {"value": "Bag of Words"}}, "view_serial": 100, "input": {"input0": {"view_type": {"value": "document"}, "label": {"value": "Data"}}, "input1": {"view_type": {"value": "document"}, "label": {"value": "Common Words"}}}, "settings": {"tokensFieldPath": {"value": "$text"}}, "error": {"error0": {"view_type": {"value": "document"}, "label": {"value": "error0"}}, "error_behavior": {"value": "fail"}}, "output": {"output0": {"view_type": {"value": "document"}, "label": {"value": "output0"}}}}, "class_version": 1, "instance_fqid": "947c295b-5973-4543-a0dc-56931770b79f_1"}, "67078e9a-17c1-4103-9935-d707b77d938e": {"instance_version": 1, "class_id": "com-snaplogic-snaps-mlcore-predictorclassification", "class_build_tag": "snapsmrc500", "class_fqid": "com-snaplogic-snaps-mlcore-predictorclassification_1-snapsmrc500", "instance_id": "67078e9a-17c1-4103-9935-d707b77d938e", "property_map": {"info": {"notes": {"value": null}, "label": {"value": "Predictor (Classification)"}}, "view_serial": 100, "input": {"input0": {"view_type": {"value": "document"}, "label": {"value": "Data"}}, "input1": {"view_type": {"value": "document"}, "label": {"value": "Model"}}}, "settings": {"showConf": {"value": true}, "maxOutputExp": {"expression": false, "value": 1}}, "error": {"error0": {"view_type": {"value": "document"}, "label": {"value": "error0"}}, "error_behavior": {"value": "fail"}}, "output": {"output0": {"view_type": {"value": "document"}, "label": {"value": "Prediction"}}}}, "class_version": 1, "instance_fqid": "67078e9a-17c1-4103-9935-d707b77d938e_1"}, "64aeb7d2-c23e-4069-8800-a868b203a734": {"instance_version": 1, "class_id": "com-snaplogic-snaps-transform-datatransform", "class_build_tag": "snapsmrc480", "class_fqid": "com-snaplogic-snaps-transform-datatransform_4-snapsmrc480", "instance_id": "64aeb7d2-c23e-4069-8800-a868b203a734", "property_map": {"info": {"notes": {"value": null}, "label": {"value": "Extract Params"}}, "view_serial": 100, "input": {"input0": {"label": {"value": "input0"}, "view_type": {"value": "document"}}}, "settings": {"nullSafeAccess": {"value": false}, "passThrough": {"value": false}, "transformations": {"value": {"mappingTable": {"value": [{"expression": {"expression": true, "value": "$content[\"params\"][\"text\"]"}, "targetPath": {"value": "$text"}}]}, "mappingRoot": {"value": "$"}}}}, "error": {"error0": {"label": {"value": "error0"}, "view_type": {"value": "document"}}, "error_behavior": {"value": "ignore"}}, "output": {"output0": {"label": {"value": "output0"}, "view_type": {"value": "document"}}}}, "class_version": 4, "instance_fqid": "64aeb7d2-c23e-4069-8800-a868b203a734_1"}, "21e82ea8-fde8-4f72-94db-4f11b468d53a": {"instance_version": 2, "class_id": "com-snaplogic-snaps-binary-simpleread", "class_build_tag": "snapsmrc500", "class_fqid": "com-snaplogic-snaps-binary-simpleread_1-snapsmrc500", "instance_id": "21e82ea8-fde8-4f72-94db-4f11b468d53a", "property_map": {"info": {"notes": {"value": null}, "label": {"value": "Read Common Words"}}, "view_serial": 100, "account": {"account_ref": {"expression": false, "value": {}}}, "settings": {"enableStaging": {"value": false}, "executeDuringPreview": {"value": true}, "preventURLEncoding": {"value": false}, "filePath": {"expression": false, "value": "twitter_common_words.json"}}, "error": {"error0": {"label": {"value": "error0"}, "view_type": {"value": "document"}}, "error_behavior": {"value": "fail"}}, "output": {"output0": {"label": {"value": "output0"}, "view_type": {"value": "binary"}}}}, "class_version": 1, "instance_fqid": "21e82ea8-fde8-4f72-94db-4f11b468d53a_2"}, "0622f36a-5ad5-4dc4-aa74-cc417c55f3c0": {"instance_version": 1, "class_id": "com-snaplogic-snaps-flow-filter", "class_build_tag": "snapsrc1003", "class_fqid": "com-snaplogic-snaps-flow-filter_2-snapsrc1003", "instance_id": "0622f36a-5ad5-4dc4-aa74-cc417c55f3c0", "property_map": {"info": {"notes": {"value": null}, "label": {"value": "Filter"}}, "view_serial": 100, "input": {"input0": {"label": {"value": "input0"}, "view_type": {"value": "document"}}}, "settings": {"filterExpression": {"expression": true, "value": "$content[\"token\"] == _token"}}, "error": {"error0": {"label": {"value": "error0"}, "view_type": {"value": "document"}}, "error_behavior": {"value": "ignore"}}, "output": {"output0": {"label": {"value": "output0"}, "view_type": {"value": "document"}}}}, "class_version": 2, "instance_fqid": "0622f36a-5ad5-4dc4-aa74-cc417c55f3c0_1"}}, "path": "/SLPROD/ML_PROD/Twitter Sentiment Analysis/Twitter - 4 - API", "instance_version": 9, "scrub_backup": [], "name": "Twitter - 4 - API", "class_id": "com-snaplogic-pipeline", "render_map": {"pan_x_num": 0, "default_snaplex": "598b808844ecb46159d7fcd1", "scale_ratio": 1, "detail_map": {"8efd5d3e-90fb-4612-9878-8800656cc440": {"grid_x_int": 4, "index": null, "recommendation_id": null, "source": "", "grid_y_int": 2, "rot_tail_int": 0, "output": {}, "input": {}, "rot_int": 0}, "64aeb7d2-c23e-4069-8800-a868b203a734": {"grid_x_int": 3, "index": null, "recommendation_id": null, "source": "", "grid_y_int": 2, "rot_tail_int": 0, "output": {}, "input": {}, "rot_int": 0}, "01bd3dba-4cba-4545-a262-39bbf0624b34": {"grid_x_int": 8, "index": null, "recommendation_id": null, "source": "", "grid_y_int": 3, "rot_tail_int": 0, "output": {}, "input": {}, "rot_int": 0}, "cc38bbe0-025b-4444-af3a-105aa0b7b857": {"grid_x_int": 7, "index": null, "recommendation_id": null, "source": "snap catagory", "grid_y_int": 3, "rot_tail_int": 0, "output": {}, "input": {}, "rot_int": 0}, "62df2dc1-4b91-43da-993e-81d8b86febb4": {"grid_x_int": 10, "index": null, "recommendation_id": null, "source": "", "grid_y_int": 2, "rot_tail_int": 0, "output": {}, "input": {}, "rot_int": 0}, "3ee05356-0927-4164-b70a-1fda9d6b6134": {"grid_x_int": 6, "index": null, "recommendation_id": null, "source": "", "grid_y_int": 3, "rot_tail_int": 0, "rot_int": 0}, "947c295b-5973-4543-a0dc-56931770b79f": {"grid_x_int": 5, "index": null, "recommendation_id": null, "source": "", "grid_y_int": 2, "rot_tail_int": 0, "output": {}, "input": {"input1": {"dx_int": 0, "rot_int": 0, "dy_int": 1}}, "rot_int": 0}, "67078e9a-17c1-4103-9935-d707b77d938e": {"grid_x_int": 9, "index": null, "recommendation_id": null, "source": "", "grid_y_int": 2, "rot_tail_int": 0, "output": {}, "input": {"input1": {"dx_int": 0, "rot_int": 0, "dy_int": 1}}, "rot_int": 0}, "8d3b50f8-ef94-4e4d-9107-182e27d16dc3": {"grid_x_int": 4, "index": null, "recommendation_id": null, "source": "", "grid_y_int": 3, "rot_tail_int": 0, "output": {}, "input": {}, "rot_int": 0}, "21e82ea8-fde8-4f72-94db-4f11b468d53a": {"grid_x_int": 3, "index": null, "recommendation_id": null, "source": "", "grid_y_int": 3, "rot_tail_int": 0, "rot_int": 0}, "0622f36a-5ad5-4dc4-aa74-cc417c55f3c0": {"grid_x_int": 2, "index": null, "recommendation_id": null, "source": "", "grid_y_int": 2, "rot_tail_int": 0, "output": {}, "input": {}, "rot_int": 0}}, "pan_y_num": 0}, "org_id": "58865f13a87b6d3e560d8374", "path_id": "/SLPROD/ML_PROD/Twitter Sentiment Analysis"}, {"link_serial": 116, "scrub_version": "48f99abcdf450e7c49a04015355fb699f785e8cbf8288d894686a64c6caeddd1", "update_user_id": "jumpthanawut@snaplogic.com", "class_fqid": "com-snaplogic-pipeline_8", "create_time": {"$date": 1550775262056}, "snode_id": "5c6ef3de8a0d0f028fc99b3f", "org_snode_id": "58865f13a87b6d3e560d8374", "migrate_version": "master-4777", "create_user_id": "jumpthanawut@snaplogic.com", "project_snode_id": "5c6eed089b085f03f2f7f8ac", "property_map": {"info": {"notes": {"value": null}, "label": {"value": "Twitter - 2 - Build model"}, "purpose": {"value": null}, "pipeline_doc_uri": {"value": null}, "author": {"value": "jumpthanawut@snaplogic.com"}}, "input": {}, "settings": {"imports": {"value": []}, "error_param_table": {"value": []}, "param_table": {"value": []}, "error_pipeline": {"expression": false, "value": null}}, "instance_version": 17, "error": {"error_behavior": {"value": "none"}}, "output": {}}, "class_version": 8, "instance_fqid": "8b4a512d-caa7-4bf0-9eb8-2a1efaaac001_18", "link_map": {"link113": {"src_view_id": "output0", "dst_view_id": "input0", "src_id": "5933864a-7bd3-4d42-a34b-3e4863ce6ba3", "dst_id": "4b49d3c3-9d6a-4789-84ff-3120217c3f6f"}, "link115": {"src_view_id": "output0", "dst_view_id": "input0", "src_id": "7e7cc25b-8e2e-4b48-9945-383671d9d738", "dst_id": "79135c32-50cd-4dad-acff-16bbe42d9bd0"}, "link114": {"src_view_id": "output101", "dst_view_id": "input0", "src_id": "7e7cc25b-8e2e-4b48-9945-383671d9d738", "dst_id": "5933864a-7bd3-4d42-a34b-3e4863ce6ba3"}, "link109": {"src_view_id": "output0", "dst_view_id": "input0", "src_id": "4f9ccb31-c794-41c6-8f84-ecf0b88d061a", "dst_id": "7e7cc25b-8e2e-4b48-9945-383671d9d738"}, "link106": {"src_view_id": "output0", "dst_view_id": "input0", "src_id": "eab363ad-027b-44fa-b819-e83f6959675e", "dst_id": "edeaee9c-8d6c-4eb7-94f7-a3f1a7fda855"}, "link105": {"src_view_id": "output0", "dst_view_id": "input0", "src_id": "79135c32-50cd-4dad-acff-16bbe42d9bd0", "dst_id": "eab363ad-027b-44fa-b819-e83f6959675e"}, "link102": {"src_view_id": "output0", "dst_view_id": "input0", "src_id": "c438d509-9066-41df-af53-367c5688df99", "dst_id": "7d68f084-28d6-4b71-b1c5-758a9ad0d420"}, "link101": {"src_view_id": "output0", "dst_view_id": "input0", "src_id": "7d68f084-28d6-4b71-b1c5-758a9ad0d420", "dst_id": "4f9ccb31-c794-41c6-8f84-ecf0b88d061a"}}, "update_time": {"$date": 1551387599951}, "partition_snode_id": "5badcb6e4dd5a80021536f2d", "path_id": "/SLPROD/ML_PROD/Twitter Sentiment Analysis", "snap_map": {"7d68f084-28d6-4b71-b1c5-758a9ad0d420": {"instance_version": 1, "class_id": "com-snaplogic-snaps-binary-decompress", "class_build_tag": "snapsmrc508", "class_fqid": "com-snaplogic-snaps-binary-decompress_1-snapsmrc508", "instance_id": "7d68f084-28d6-4b71-b1c5-758a9ad0d420", "property_map": {"info": {"label": {"value": "Decompress"}}, "view_serial": 100, "input": {"input0": {"label": {"value": "input0"}, "view_type": {"value": "binary"}}}, "settings": {"scheme": {"value": "AUTO"}}, "error": {"error0": {"label": {"value": "error0"}, "view_type": {"value": "binary"}}, "error_behavior": {"value": "fail"}}, "output": {"output0": {"label": {"value": "output0"}, "view_type": {"value": "binary"}}}}, "class_version": 1, "instance_fqid": "7d68f084-28d6-4b71-b1c5-758a9ad0d420_1"}, "edeaee9c-8d6c-4eb7-94f7-a3f1a7fda855": {"instance_id": "edeaee9c-8d6c-4eb7-94f7-a3f1a7fda855", "class_id": "com-snaplogic-snaps-binary-write", "class_build_tag": "snapsmrc508", "class_fqid": "com-snaplogic-snaps-binary-write_3-snapsmrc508", "instance_version": 1, "property_map": {"info": {"notes": {"value": null}, "label": {"value": "Write Model"}}, "view_serial": 100, "account": {"account_ref": {"expression": false, "value": {}}}, "settings": {"createDir": {"value": false}, "retries": {"value": 0}, "flushIntervalKb": {"value": -1}, "writeHeader": {"value": false}, "executable_during_suggest": {"value": false}, "filename": {"expression": false, "value": "twitter_model.json"}, "writeEmptyFile": {"value": false}, "UserPermissionsKey": {"value": []}, "validate": {"value": false}, "fileAction": {"value": "OVERWRITE"}}, "error": {"error0": {"view_type": {"value": "document"}, "label": {"value": "error0"}}, "error_behavior": {"value": "fail"}}, "input": {"input0": {"view_type": {"value": "binary"}, "label": {"value": "input0"}}}}, "class_version": 3, "instance_fqid": "edeaee9c-8d6c-4eb7-94f7-a3f1a7fda855_1"}, "4b49d3c3-9d6a-4789-84ff-3120217c3f6f": {"instance_id": "4b49d3c3-9d6a-4789-84ff-3120217c3f6f", "class_id": "com-snaplogic-snaps-binary-write", "class_build_tag": "snapsmrc508", "class_fqid": "com-snaplogic-snaps-binary-write_3-snapsmrc508", "instance_version": 2, "property_map": {"info": {"notes": {"value": null}, "label": {"value": "Write Leaderboard"}}, "view_serial": 100, "account": {"account_ref": {"expression": false, "value": {}}}, "settings": {"createDir": {"value": false}, "retries": {"value": 0}, "flushIntervalKb": {"value": -1}, "writeHeader": {"value": false}, "executable_during_suggest": {"value": false}, "filename": {"expression": false, "value": "twitter_leaderboard.csv"}, "writeEmptyFile": {"value": false}, "UserPermissionsKey": {"value": []}, "validate": {"value": false}, "fileAction": {"value": "OVERWRITE"}}, "error": {"error0": {"label": {"value": "error0"}, "view_type": {"value": "document"}}, "error_behavior": {"value": "fail"}}, "input": {"input0": {"label": {"value": "input0"}, "view_type": {"value": "binary"}}}}, "class_version": 3, "instance_fqid": "4b49d3c3-9d6a-4789-84ff-3120217c3f6f_2"}, "c438d509-9066-41df-af53-367c5688df99": {"instance_id": "c438d509-9066-41df-af53-367c5688df99", "class_id": "com-snaplogic-snaps-binary-simpleread", "class_build_tag": "snapsmrc508", "class_fqid": "com-snaplogic-snaps-binary-simpleread_1-snapsmrc508", "instance_version": 2, "property_map": {"info": {"notes": {"value": null}, "label": {"value": "Read Processed Dataset"}}, "view_serial": 100, "account": {"account_ref": {"expression": false, "value": {}}}, "settings": {"enableStaging": {"value": false}, "executeDuringPreview": {"value": true}, "preventURLEncoding": {"value": false}, "filePath": {"expression": false, "value": "twitter_processed.json"}}, "error": {"error0": {"label": {"value": "error0"}, "view_type": {"value": "document"}}, "error_behavior": {"value": "fail"}}, "output": {"output0": {"label": {"value": "output0"}, "view_type": {"value": "binary"}}}}, "class_version": 1, "instance_fqid": "c438d509-9066-41df-af53-367c5688df99_2"}, "4f9ccb31-c794-41c6-8f84-ecf0b88d061a": {"instance_id": "4f9ccb31-c794-41c6-8f84-ecf0b88d061a", "class_id": "com-snaplogic-snaps-transform-jsonparser", "class_build_tag": "snapsmrc508", "class_fqid": "com-snaplogic-snaps-transform-jsonparser_1-snapsmrc508", "instance_version": 1, "property_map": {"info": {"label": {"value": "JSON Parser"}}, "view_serial": 100, "input": {"input0": {"view_type": {"value": "binary"}, "label": {"value": "input0"}}}, "settings": {"allowNonStandardJson": {"value": true}, "arrayElementsAsDocuments": {"value": true}, "jsonFilterPath": {"value": ""}}, "error": {"error0": {"view_type": {"value": "document"}, "label": {"value": "error0"}}, "error_behavior": {"value": "fail"}}, "output": {"output0": {"view_type": {"value": "document"}, "label": {"value": "output0"}}}}, "class_version": 1, "instance_fqid": "4f9ccb31-c794-41c6-8f84-ecf0b88d061a_1"}, "7e7cc25b-8e2e-4b48-9945-383671d9d738": {"instance_id": "7e7cc25b-8e2e-4b48-9945-383671d9d738", "class_id": "com-snaplogic-snaps-mlcore-automl", "class_build_tag": "snapsmrc508", "class_fqid": "com-snaplogic-snaps-mlcore-automl_1-snapsmrc508", "instance_version": 5, "property_map": {"info": {"notes": {"value": null}, "label": {"value": "AutoML"}}, "view_serial": 101, "input": {"input0": {"view_type": {"value": "document"}, "label": {"value": "input0"}}}, "settings": {"labelFieldJsonPath": {"value": "$sentiment"}, "foldExpression": {"expression": false, "value": 5}, "modelLimitExpression": {"expression": false, "value": 10}, "engineExpression": {"expression": false, "value": "H2O"}, "applySeed": {"value": true}, "isReadable": {"value": true}, "seedExpression": {"expression": false, "value": 12345}, "timeLimitExpression": {"expression": false, "value": 36000}}, "error": {"error0": {"view_type": {"value": "document"}, "label": {"value": "error0"}}, "error_behavior": {"value": "fail"}}, "output": {"output0": {"view_type": {"value": "document"}, "label": {"value": "output0"}}, "output101": {"label": {"value": "output1"}, "view_type": {"value": "document"}}}}, "class_version": 1, "instance_fqid": "7e7cc25b-8e2e-4b48-9945-383671d9d738_5"}, "79135c32-50cd-4dad-acff-16bbe42d9bd0": {"instance_id": "79135c32-50cd-4dad-acff-16bbe42d9bd0", "class_id": "com-snaplogic-snaps-transform-jsonformatter", "class_build_tag": "snapsmrc508", "class_fqid": "com-snaplogic-snaps-transform-jsonformatter_2-snapsmrc508", "instance_version": 1, "property_map": {"info": {"label": {"value": "JSON Formatter"}}, "view_serial": 100, "input": {"input0": {"view_type": {"value": "document"}, "label": {"value": "input0"}}}, "settings": {"prettyPrint": {"value": false}, "contentPath": {"value": "$"}, "jsonLines": {"value": false}, "ignoreEmptyStream": {"value": false}, "header": {"value": [{"expression": {"expression": true, "value": ""}}]}, "formatSingleDocument": {"value": false}}, "error": {"error0": {"view_type": {"value": "binary"}, "label": {"value": "error0"}}, "error_behavior": {"value": "fail"}}, "output": {"output0": {"view_type": {"value": "binary"}, "label": {"value": "output0"}}}}, "class_version": 2, "instance_fqid": "79135c32-50cd-4dad-acff-16bbe42d9bd0_1"}, "eab363ad-027b-44fa-b819-e83f6959675e": {"instance_id": "eab363ad-027b-44fa-b819-e83f6959675e", "class_id": "com-snaplogic-snaps-binary-compress", "class_build_tag": "snapsmrc508", "class_fqid": "com-snaplogic-snaps-binary-compress_1-snapsmrc508", "instance_version": 1, "property_map": {"info": {"label": {"value": "Compress"}}, "view_serial": 100, "input": {"input0": {"view_type": {"value": "binary"}, "label": {"value": "input0"}}}, "settings": {"scheme": {"value": "GZIP"}}, "error": {"error0": {"view_type": {"value": "binary"}, "label": {"value": "error0"}}, "error_behavior": {"value": "fail"}}, "output": {"output0": {"view_type": {"value": "binary"}, "label": {"value": "output0"}}}}, "class_version": 1, "instance_fqid": "eab363ad-027b-44fa-b819-e83f6959675e_1"}, "5933864a-7bd3-4d42-a34b-3e4863ce6ba3": {"instance_version": 1, "class_id": "com-snaplogic-snaps-transform-csvformatter", "class_build_tag": "snapsmrc508", "class_fqid": "com-snaplogic-snaps-transform-csvformatter_3-snapsmrc508", "instance_id": "5933864a-7bd3-4d42-a34b-3e4863ce6ba3", "property_map": {"info": {"notes": {"value": null}, "label": {"value": "CSV Formatter"}}, "view_serial": 100, "input": {"input0": {"label": {"value": "input0"}, "view_type": {"value": "document"}}}, "settings": {"quoteMode": {"value": "ALL"}, "quoteCharacter": {"expression": false, "value": null}, "writeHeader": {"value": true}, "userDefinedHeader": {"value": []}, "charset": {"value": "UTF-8"}, "ignoreEmptyStream": {"value": false}, "writeBOM": {"value": false}, "delimiter": {"expression": false, "value": ","}, "newlineCharacter": {"value": "LF"}, "useDefinedHeader": {"value": false}, "outputHeader": {"value": [{"targetPath": {"value": null}, "expression": {"expression": true, "value": null}}]}}, "error": {"error0": {"label": {"value": "error0"}, "view_type": {"value": "document"}}, "error_behavior": {"value": "fail"}}, "output": {"output0": {"label": {"value": "output0"}, "view_type": {"value": "binary"}}}}, "class_version": 3, "instance_fqid": "5933864a-7bd3-4d42-a34b-3e4863ce6ba3_1"}}, "path": "/SLPROD/ML_PROD/Twitter Sentiment Analysis/Twitter - 2 - Build model", "instance_version": 18, "scrub_backup": [], "name": "Twitter - 2 - Build model", "class_id": "com-snaplogic-pipeline", "render_map": {"pan_x_num": 0, "default_snaplex": "5bf6ce22bba1200cd6860851", "scale_ratio": 1, "detail_map": {"7d68f084-28d6-4b71-b1c5-758a9ad0d420": {"grid_x_int": 2, "index": null, "recommendation_id": null, "source": "snap catagory", "grid_y_int": 1, "rot_tail_int": 0, "output": {}, "input": {}, "rot_int": 0}, "edeaee9c-8d6c-4eb7-94f7-a3f1a7fda855": {"grid_x_int": 7, "index": 0, "recommendation_id": "d62e7f36-932f-415e-9453-7f621d6abe3c_0", "source": "iris placeholder", "grid_y_int": 1, "rot_tail_int": 0, "rot_int": 0}, "4b49d3c3-9d6a-4789-84ff-3120217c3f6f": {"grid_x_int": 6, "index": 1, "recommendation_id": "ee34468f-bb6e-490b-9e06-be192d5a950d_0", "source": "iris panel", "grid_y_int": 2, "rot_tail_int": 0, "rot_int": 0}, "c438d509-9066-41df-af53-367c5688df99": {"grid_x_int": 1, "index": null, "recommendation_id": null, "source": "snap catagory", "grid_y_int": 1, "rot_tail_int": 0, "rot_int": 0}, "4f9ccb31-c794-41c6-8f84-ecf0b88d061a": {"grid_x_int": 3, "index": 1, "recommendation_id": "6acd0b62-d1f6-4f6f-a0c8-93b81806f5b3_0", "source": "iris panel", "grid_y_int": 1, "rot_tail_int": 0, "output": {}, "input": {}, "rot_int": 0}, "7e7cc25b-8e2e-4b48-9945-383671d9d738": {"grid_x_int": 4, "index": null, "recommendation_id": null, "source": "snap catagory", "grid_y_int": 1, "rot_tail_int": 0, "output": {"output101": {"dx_int": 0, "rot_int": 0, "dy_int": 1}}, "rot_int": 0}, "79135c32-50cd-4dad-acff-16bbe42d9bd0": {"grid_x_int": 5, "index": null, "recommendation_id": null, "source": "snap catagory", "grid_y_int": 1, "rot_tail_int": 0, "output": {}, "input": {}, "rot_int": 0}, "eab363ad-027b-44fa-b819-e83f6959675e": {"grid_x_int": 6, "index": null, "recommendation_id": null, "source": "snap catagory", "grid_y_int": 1, "rot_tail_int": 0, "output": {}, "input": {}, "rot_int": 0}, "5933864a-7bd3-4d42-a34b-3e4863ce6ba3": {"grid_x_int": 5, "index": null, "recommendation_id": null, "source": "snap catagory", "grid_y_int": 2, "rot_tail_int": 0, "rot_int": 0}}, "pan_y_num": 0}, "org_id": "58865f13a87b6d3e560d8374", "instance_id": "8b4a512d-caa7-4bf0-9eb8-2a1efaaac001"}, {"link_serial": 122, "scrub_version": "48f99abcdf450e7c49a04015355fb699f785e8cbf8288d894686a64c6caeddd1", "update_user_id": "jumpthanawut@snaplogic.com", "class_fqid": "com-snaplogic-pipeline_8", "create_time": {"$date": 1550815371472}, "snode_id": "5c6f908bf952e90425ccaf70", "org_snode_id": "58865f13a87b6d3e560d8374", "migrate_version": "master-4777", "create_user_id": "jumpthanawut@snaplogic.com", "project_snode_id": "5c6eed089b085f03f2f7f8ac", "property_map": {"info": {"notes": {"value": null}, "author": {"value": "jumpthanawut@snaplogic.com"}, "purpose": {"value": null}, "pipeline_doc_uri": {"value": null}, "label": {"value": "Twitter - 3 - Test model"}}, "input": {}, "settings": {"imports": {"value": []}, "error_param_table": {"value": []}, "error_pipeline": {"expression": false, "value": null}, "param_table": {"value": [{"capture": {"value": false}, "description": {"value": null}, "data_type": {"value": "string"}, "required": {"value": false}, "value": {"value": "snaplogic_ml_showcase"}, "key": {"value": "token"}}]}}, "instance_version": 15, "error": {"error_behavior": {"value": "none"}}, "output": {"e6232fb8-01e7-4a42-b2ac-df2709bd9504_output0": {"view_type": {"value": "document"}, "label": {"value": "Predictor (Classification) - Prediction"}}}}, "class_version": 8, "instance_fqid": "c1d1ef53-76be-4a77-a342-de8a9d8ca282_16", "link_map": {"link120": {"src_view_id": "output0", "dst_view_id": "input0", "src_id": "6862d3a3-4fe4-4b66-ac88-e359e2ddd92d", "dst_id": "f36208b7-c488-4df4-a082-d4c8cc95e5f5"}, "link121": {"src_view_id": "output0", "dst_view_id": "input0", "src_id": "1d6cc958-0145-49c1-84db-34016c20fb7e", "dst_id": "bfcab14a-09b2-4a7b-846f-14dccd2ad2ed"}, "link106": {"src_view_id": "output0", "dst_view_id": "input0", "src_id": "a53be37f-1c7f-4466-a82d-502202a92f68", "dst_id": "e6232fb8-01e7-4a42-b2ac-df2709bd9504"}, "link104": {"src_view_id": "output0", "dst_view_id": "input0", "src_id": "bfcab14a-09b2-4a7b-846f-14dccd2ad2ed", "dst_id": "a53be37f-1c7f-4466-a82d-502202a92f68"}, "link105": {"src_view_id": "output0", "dst_view_id": "input1", "src_id": "7e0666f3-4137-4296-b790-03880b5f8490", "dst_id": "a53be37f-1c7f-4466-a82d-502202a92f68"}, "link103": {"src_view_id": "output0", "dst_view_id": "input0", "src_id": "65e7857e-3eef-488a-a950-6d2310081b85", "dst_id": "7e0666f3-4137-4296-b790-03880b5f8490"}, "link100": {"src_view_id": "output0", "dst_view_id": "input1", "src_id": "e1570f14-7074-4b19-8274-6c4741f4efb4", "dst_id": "e6232fb8-01e7-4a42-b2ac-df2709bd9504"}, "link119": {"src_view_id": "output0", "dst_view_id": "input0", "src_id": "f36208b7-c488-4df4-a082-d4c8cc95e5f5", "dst_id": "e1570f14-7074-4b19-8274-6c4741f4efb4"}}, "update_time": {"$date": 1551774220769}, "partition_snode_id": "5badcb6e4dd5a80021536f2d", "path_id": "/SLPROD/ML_PROD/Twitter Sentiment Analysis", "snap_map": {"7e0666f3-4137-4296-b790-03880b5f8490": {"instance_id": "7e0666f3-4137-4296-b790-03880b5f8490", "class_id": "com-snaplogic-snaps-transform-jsonparser", "class_build_tag": "snapsmrc500", "class_fqid": "com-snaplogic-snaps-transform-jsonparser_1-snapsmrc500", "instance_version": 1, "property_map": {"info": {"label": {"value": "JSON Parser"}}, "view_serial": 100, "input": {"input0": {"label": {"value": "input0"}, "view_type": {"value": "binary"}}}, "settings": {"allowNonStandardJson": {"value": true}, "arrayElementsAsDocuments": {"value": true}, "jsonFilterPath": {"value": ""}}, "error": {"error0": {"label": {"value": "error0"}, "view_type": {"value": "document"}}, "error_behavior": {"value": "fail"}}, "output": {"output0": {"label": {"value": "output0"}, "view_type": {"value": "document"}}}}, "class_version": 1, "instance_fqid": "7e0666f3-4137-4296-b790-03880b5f8490_1"}, "65e7857e-3eef-488a-a950-6d2310081b85": {"instance_id": "65e7857e-3eef-488a-a950-6d2310081b85", "class_id": "com-snaplogic-snaps-binary-simpleread", "class_build_tag": "snapsmrc500", "class_fqid": "com-snaplogic-snaps-binary-simpleread_1-snapsmrc500", "instance_version": 1, "property_map": {"info": {"notes": {"value": null}, "label": {"value": "Read Common Words"}}, "view_serial": 100, "account": {"account_ref": {"expression": false, "value": {}}}, "settings": {"enableStaging": {"value": false}, "executeDuringPreview": {"value": true}, "preventURLEncoding": {"value": false}, "filePath": {"expression": false, "value": "twitter_common_words.json"}}, "error": {"error0": {"view_type": {"value": "document"}, "label": {"value": "error0"}}, "error_behavior": {"value": "fail"}}, "output": {"output0": {"view_type": {"value": "binary"}, "label": {"value": "output0"}}}}, "class_version": 1, "instance_fqid": "65e7857e-3eef-488a-a950-6d2310081b85_1"}, "e6232fb8-01e7-4a42-b2ac-df2709bd9504": {"instance_id": "e6232fb8-01e7-4a42-b2ac-df2709bd9504", "class_id": "com-snaplogic-snaps-mlcore-predictorclassification", "class_build_tag": "snapsmrc500", "class_fqid": "com-snaplogic-snaps-mlcore-predictorclassification_1-snapsmrc500", "instance_version": 1, "property_map": {"info": {"notes": {"value": null}, "label": {"value": "Predictor (Classification)"}}, "view_serial": 100, "input": {"input0": {"label": {"value": "Data"}, "view_type": {"value": "document"}}, "input1": {"label": {"value": "Model"}, "view_type": {"value": "document"}}}, "settings": {"showConf": {"value": true}, "maxOutputExp": {"expression": false, "value": 1}}, "error": {"error0": {"label": {"value": "error0"}, "view_type": {"value": "document"}}, "error_behavior": {"value": "fail"}}, "output": {"output0": {"label": {"value": "Prediction"}, "view_type": {"value": "document"}}}}, "class_version": 1, "instance_fqid": "e6232fb8-01e7-4a42-b2ac-df2709bd9504_1"}, "bfcab14a-09b2-4a7b-846f-14dccd2ad2ed": {"instance_id": "bfcab14a-09b2-4a7b-846f-14dccd2ad2ed", "class_id": "com-snaplogic-snaps-mlnlp-tokenizer", "class_build_tag": "mldev20181117", "class_fqid": "com-snaplogic-snaps-mlnlp-tokenizer_1-mldev20181117", "instance_version": 1, "property_map": {"info": {"notes": {"value": null}, "label": {"value": "Tokenizer"}}, "view_serial": 100, "input": {"input0": {"view_type": {"value": "document"}, "label": {"value": "input0"}}}, "settings": {"textFieldPath": {"value": "$text"}, "wordOnly": {"value": true}}, "error": {"error0": {"view_type": {"value": "document"}, "label": {"value": "error0"}}, "error_behavior": {"value": "fail"}}, "output": {"output0": {"view_type": {"value": "document"}, "label": {"value": "output0"}}}}, "class_version": 1, "instance_fqid": "bfcab14a-09b2-4a7b-846f-14dccd2ad2ed_1"}, "a53be37f-1c7f-4466-a82d-502202a92f68": {"instance_id": "a53be37f-1c7f-4466-a82d-502202a92f68", "class_id": "com-snaplogic-snaps-mlnlp-bagofwords", "class_build_tag": "mldev20181117", "class_fqid": "com-snaplogic-snaps-mlnlp-bagofwords_1-mldev20181117", "instance_version": 1, "property_map": {"info": {"notes": {"value": null}, "label": {"value": "Bag of Words"}}, "view_serial": 100, "input": {"input0": {"label": {"value": "Data"}, "view_type": {"value": "document"}}, "input1": {"label": {"value": "Common Words"}, "view_type": {"value": "document"}}}, "settings": {"tokensFieldPath": {"value": "$text"}}, "error": {"error0": {"label": {"value": "error0"}, "view_type": {"value": "document"}}, "error_behavior": {"value": "fail"}}, "output": {"output0": {"label": {"value": "output0"}, "view_type": {"value": "document"}}}}, "class_version": 1, "instance_fqid": "a53be37f-1c7f-4466-a82d-502202a92f68_1"}, "1d6cc958-0145-49c1-84db-34016c20fb7e": {"instance_version": 1, "class_id": "com-snaplogic-snaps-transform-jsongenerator", "class_build_tag": "snapsmrc508", "class_fqid": "com-snaplogic-snaps-transform-jsongenerator_2-snapsmrc508", "instance_id": "1d6cc958-0145-49c1-84db-34016c20fb7e", "property_map": {"info": {"notes": {"value": null}, "label": {"value": "JSON Generator"}}, "view_serial": 100, "error": {"error0": {"label": {"value": "error0"}, "view_type": {"value": "document"}}, "error_behavior": {"value": "fail"}}, "output": {"output0": {"label": {"value": "output0"}, "view_type": {"value": "document"}}}, "settings": {"editable_content": {"value": "[{\"text\":\"Put your tweet here.\"}]"}, "arrayElementsAsDocuments": {"value": true}}}, "class_version": 2, "instance_fqid": "1d6cc958-0145-49c1-84db-34016c20fb7e_1"}, "e1570f14-7074-4b19-8274-6c4741f4efb4": {"instance_id": "e1570f14-7074-4b19-8274-6c4741f4efb4", "class_id": "com-snaplogic-snaps-transform-jsonparser", "class_build_tag": "snapsmrc480", "class_fqid": "com-snaplogic-snaps-transform-jsonparser_1-snapsmrc480", "instance_version": 1, "property_map": {"info": {"notes": {"value": null}, "label": {"value": "JSON Parser1"}}, "view_serial": 100, "input": {"input0": {"view_type": {"value": "binary"}, "label": {"value": "input0"}}}, "settings": {"jsonLines": {"value": false}, "allowNonStandardJson": {"value": true}, "arrayElementsAsDocuments": {"value": true}, "jsonFilterPath": {"value": null}}, "error": {"error0": {"view_type": {"value": "document"}, "label": {"value": "error0"}}, "error_behavior": {"value": "fail"}}, "output": {"output0": {"view_type": {"value": "document"}, "label": {"value": "output0"}}}}, "class_version": 1, "instance_fqid": "e1570f14-7074-4b19-8274-6c4741f4efb4_1"}, "f36208b7-c488-4df4-a082-d4c8cc95e5f5": {"instance_version": 1, "class_id": "com-snaplogic-snaps-binary-decompress", "class_build_tag": "snapsmrc508", "class_fqid": "com-snaplogic-snaps-binary-decompress_1-snapsmrc508", "instance_id": "f36208b7-c488-4df4-a082-d4c8cc95e5f5", "property_map": {"info": {"label": {"value": "Decompress"}}, "view_serial": 100, "input": {"input0": {"label": {"value": "input0"}, "view_type": {"value": "binary"}}}, "settings": {"scheme": {"value": "AUTO"}}, "error": {"error0": {"label": {"value": "error0"}, "view_type": {"value": "binary"}}, "error_behavior": {"value": "fail"}}, "output": {"output0": {"label": {"value": "output0"}, "view_type": {"value": "binary"}}}}, "class_version": 1, "instance_fqid": "f36208b7-c488-4df4-a082-d4c8cc95e5f5_1"}, "6862d3a3-4fe4-4b66-ac88-e359e2ddd92d": {"instance_id": "6862d3a3-4fe4-4b66-ac88-e359e2ddd92d", "class_id": "com-snaplogic-snaps-binary-simpleread", "class_build_tag": "snapsmrc480", "class_fqid": "com-snaplogic-snaps-binary-simpleread_1-snapsmrc480", "instance_version": 2, "property_map": {"info": {"notes": {"value": null}, "label": {"value": "Read Model"}}, "view_serial": 100, "account": {"account_ref": {"expression": false, "value": {}}}, "settings": {"enableStaging": {"value": false}, "executeDuringPreview": {"value": true}, "preventURLEncoding": {"value": false}, "filePath": {"expression": false, "value": "twitter_model.json"}}, "error": {"error0": {"view_type": {"value": "document"}, "label": {"value": "error0"}}, "error_behavior": {"value": "fail"}}, "output": {"output0": {"view_type": {"value": "binary"}, "label": {"value": "output0"}}}}, "class_version": 1, "instance_fqid": "6862d3a3-4fe4-4b66-ac88-e359e2ddd92d_2"}}, "path": "/SLPROD/ML_PROD/Twitter Sentiment Analysis/Twitter - 3 - Test model", "instance_version": 16, "scrub_backup": [], "name": "Twitter - 3 - Test model", "class_id": "com-snaplogic-pipeline", "render_map": {"pan_x_num": 0, "default_snaplex": "598b808844ecb46159d7fcd1", "scale_ratio": 1, "detail_map": {"7e0666f3-4137-4296-b790-03880b5f8490": {"grid_x_int": 3, "input": {}, "index": null, "recommendation_id": null, "source": "", "grid_y_int": 3, "rot_tail_int": 0, "error": {}, "output": {}, "rot_int": 0}, "65e7857e-3eef-488a-a950-6d2310081b85": {"grid_x_int": 2, "input": {}, "index": null, "recommendation_id": null, "source": "", "grid_y_int": 3, "rot_tail_int": 0, "error": {}, "output": {}, "rot_int": 0}, "e6232fb8-01e7-4a42-b2ac-df2709bd9504": {"grid_x_int": 8, "input": {"input1": {"dx_int": 0, "rot_int": 0, "dy_int": 1}}, "index": null, "recommendation_id": null, "source": "", "grid_y_int": 2, "rot_tail_int": 0, "error": {}, "output": {}, "rot_int": 0}, "bfcab14a-09b2-4a7b-846f-14dccd2ad2ed": {"grid_x_int": 3, "input": {}, "index": null, "recommendation_id": null, "source": "", "grid_y_int": 2, "rot_tail_int": 0, "error": {}, "output": {}, "rot_int": 0}, "a53be37f-1c7f-4466-a82d-502202a92f68": {"grid_x_int": 4, "input": {"input1": {"dx_int": 0, "rot_int": 0, "dy_int": 1}}, "index": null, "recommendation_id": null, "source": "", "grid_y_int": 2, "rot_tail_int": 0, "error": {}, "output": {}, "rot_int": 0}, "1d6cc958-0145-49c1-84db-34016c20fb7e": {"grid_x_int": 2, "index": null, "recommendation_id": null, "source": "snap catagory", "grid_y_int": 2, "rot_tail_int": 0, "rot_int": 0}, "e1570f14-7074-4b19-8274-6c4741f4efb4": {"grid_x_int": 7, "input": {}, "index": null, "recommendation_id": null, "source": "", "grid_y_int": 3, "rot_tail_int": 0, "error": {}, "output": {}, "rot_int": 0}, "f36208b7-c488-4df4-a082-d4c8cc95e5f5": {"grid_x_int": 6, "index": null, "recommendation_id": null, "source": "snap catagory", "grid_y_int": 3, "rot_tail_int": 0, "output": {}, "input": {}, "rot_int": 0}, "6862d3a3-4fe4-4b66-ac88-e359e2ddd92d": {"grid_x_int": 5, "index": null, "recommendation_id": null, "source": "", "grid_y_int": 3, "rot_tail_int": 0, "rot_int": 0}}, "pan_y_num": 0}, "org_id": "58865f13a87b6d3e560d8374", "instance_id": "c1d1ef53-76be-4a77-a342-de8a9d8ca282"}, {"link_serial": 128, "scrub_version": "48f99abcdf450e7c49a04015355fb699f785e8cbf8288d894686a64c6caeddd1", "update_user_id": "jumpthanawut@snaplogic.com", "class_fqid": "com-snaplogic-pipeline_8", "create_time": {"$date": 1550773530930}, "snode_id": "5c6eed1b8d93b70460dfa1c2", "org_snode_id": "58865f13a87b6d3e560d8374", "migrate_version": "master-4777", "create_user_id": "jumpthanawut@snaplogic.com", "project_snode_id": "5c6eed089b085f03f2f7f8ac", "property_map": {"info": {"notes": {"value": null}, "label": {"value": "Twitter - 1 - Data preparation"}, "purpose": {"value": null}, "pipeline_doc_uri": {"value": null}, "author": {"value": "jumpthanawut@snaplogic.com"}}, "input": {}, "settings": {"imports": {"value": []}, "error_param_table": {"value": []}, "param_table": {"value": []}, "error_pipeline": {"expression": false, "value": null}}, "instance_version": 21, "error": {"error_behavior": {"value": "none"}}, "output": {}}, "class_version": 8, "instance_fqid": "d606cbc3-28b6-404b-9b1d-2bf6a290cba7_22", "link_map": {"link111": {"src_view_id": "output1", "dst_view_id": "input0", "src_id": "e8beea9b-ca4a-41d1-8c18-8216824db59e", "dst_id": "b901bbd0-124c-47f7-8473-473627154b2d"}, "link125": {"src_view_id": "output0", "dst_view_id": "input0", "src_id": "60f37b6f-fdf2-442b-867b-d7101c020f1b", "dst_id": "4801c538-973c-400b-997c-e0276e348a98"}, "link126": {"src_view_id": "output0", "dst_view_id": "input0", "src_id": "8e457eab-749c-48b4-9acd-3d898ad94c41", "dst_id": "ad3c2c70-b888-44b2-acfc-84e011ac7b9c"}, "link127": {"src_view_id": "output0", "dst_view_id": "input0", "src_id": "2c2f0608-7c0b-4d0a-89e2-7b405d22f67d", "dst_id": "8e457eab-749c-48b4-9acd-3d898ad94c41"}, "link115": {"src_view_id": "output0", "dst_view_id": "input0", "src_id": "e8beea9b-ca4a-41d1-8c18-8216824db59e", "dst_id": "78c39cd0-abf4-401a-8f64-77ad7002efd2"}, "link114": {"src_view_id": "output1", "dst_view_id": "input0", "src_id": "2c2f0608-7c0b-4d0a-89e2-7b405d22f67d", "dst_id": "576215b4-36bb-439d-8ba9-e503192cc531"}, "link108": {"src_view_id": "output0", "dst_view_id": "input0", "src_id": "b901bbd0-124c-47f7-8473-473627154b2d", "dst_id": "683bc95c-1457-46e5-81b3-8bfee9ebf3bc"}, "link110": {"src_view_id": "output0", "dst_view_id": "input0", "src_id": "576215b4-36bb-439d-8ba9-e503192cc531", "dst_id": "63ada250-1529-4963-8c48-c061a1d5a83f"}, "link106": {"src_view_id": "output0", "dst_view_id": "input0", "src_id": "a4747a2a-9cd8-47c9-95f1-29723e84d65b", "dst_id": "e8beea9b-ca4a-41d1-8c18-8216824db59e"}, "link118": {"src_view_id": "output0", "dst_view_id": "input0", "src_id": "ad3c2c70-b888-44b2-acfc-84e011ac7b9c", "dst_id": "4a4d1511-8b83-460d-aafd-d2b7cf38f014"}, "link104": {"src_view_id": "output1", "dst_view_id": "input0", "src_id": "683bc95c-1457-46e5-81b3-8bfee9ebf3bc", "dst_id": "fdc49520-edbd-4417-baa1-d9f9f06bd861"}, "link123": {"src_view_id": "output0", "dst_view_id": "input0", "src_id": "4801c538-973c-400b-997c-e0276e348a98", "dst_id": "a4747a2a-9cd8-47c9-95f1-29723e84d65b"}, "link103": {"src_view_id": "output0", "dst_view_id": "input0", "src_id": "fdc49520-edbd-4417-baa1-d9f9f06bd861", "dst_id": "5c079a75-2276-4e86-8836-f7a04afcc502"}, "link100": {"src_view_id": "output0", "dst_view_id": "input0", "src_id": "25a1c269-2a36-45e2-93ea-0def3b4a3f89", "dst_id": "60f37b6f-fdf2-442b-867b-d7101c020f1b"}, "link112": {"src_view_id": "output0", "dst_view_id": "input1", "src_id": "683bc95c-1457-46e5-81b3-8bfee9ebf3bc", "dst_id": "78c39cd0-abf4-401a-8f64-77ad7002efd2"}, "link117": {"src_view_id": "output0", "dst_view_id": "input0", "src_id": "4a4d1511-8b83-460d-aafd-d2b7cf38f014", "dst_id": "ecd4dabf-d78f-4a6f-b12e-85aee3dd9b60"}, "link107": {"src_view_id": "output0", "dst_view_id": "input0", "src_id": "78c39cd0-abf4-401a-8f64-77ad7002efd2", "dst_id": "2c2f0608-7c0b-4d0a-89e2-7b405d22f67d"}, "link105": {"src_view_id": "output0", "dst_view_id": "input0", "src_id": "63ada250-1529-4963-8c48-c061a1d5a83f", "dst_id": "116e85d9-1be9-4496-ba83-c6391de1b440"}}, "update_time": {"$date": 1551388462589}, "partition_snode_id": "5badcb6e4dd5a80021536f2d", "path_id": "/SLPROD/ML_PROD/Twitter Sentiment Analysis", "snap_map": {"5c079a75-2276-4e86-8836-f7a04afcc502": {"instance_id": "5c079a75-2276-4e86-8836-f7a04afcc502", "class_id": "com-snaplogic-snaps-binary-write", "class_build_tag": "UNKNOWN", "class_fqid": "com-snaplogic-snaps-binary-write_3-UNKNOWN", "instance_version": 2, "property_map": {"info": {"notes": {"value": null}, "label": {"value": "Write Common Words"}}, "view_serial": 100, "account": {"account_ref": {"expression": false, "value": {}}}, "settings": {"createDir": {"value": false}, "retries": {"value": 0}, "flushIntervalKb": {"value": -1}, "writeHeader": {"value": false}, "executable_during_suggest": {"value": false}, "filename": {"expression": false, "value": "twitter_common_words.json"}, "writeEmptyFile": {"value": false}, "UserPermissionsKey": {"value": []}, "validate": {"value": false}, "fileAction": {"value": "OVERWRITE"}}, "error": {"error0": {"view_type": {"value": "document"}, "label": {"value": "error0"}}, "error_behavior": {"value": "fail"}}, "input": {"input0": {"view_type": {"value": "binary"}, "label": {"value": "input0"}}}}, "class_version": 3, "instance_fqid": "5c079a75-2276-4e86-8836-f7a04afcc502_2"}, "ecd4dabf-d78f-4a6f-b12e-85aee3dd9b60": {"instance_id": "ecd4dabf-d78f-4a6f-b12e-85aee3dd9b60", "class_id": "com-snaplogic-snaps-binary-write", "class_build_tag": "UNKNOWN", "class_fqid": "com-snaplogic-snaps-binary-write_3-UNKNOWN", "instance_version": 1, "property_map": {"info": {"notes": {"value": null}, "label": {"value": "Write Processed Dataset"}}, "view_serial": 100, "account": {"account_ref": {"expression": false, "value": {}}}, "settings": {"createDir": {"value": false}, "retries": {"value": 0}, "flushIntervalKb": {"value": -1}, "writeHeader": {"value": false}, "executable_during_suggest": {"value": false}, "filename": {"expression": false, "value": "twitter_processed.json"}, "writeEmptyFile": {"value": false}, "UserPermissionsKey": {"value": []}, "validate": {"value": false}, "fileAction": {"value": "OVERWRITE"}}, "error": {"error0": {"label": {"value": "error0"}, "view_type": {"value": "document"}}, "error_behavior": {"value": "fail"}}, "input": {"input0": {"label": {"value": "input0"}, "view_type": {"value": "binary"}}}}, "class_version": 3, "instance_fqid": "ecd4dabf-d78f-4a6f-b12e-85aee3dd9b60_1"}, "a4747a2a-9cd8-47c9-95f1-29723e84d65b": {"instance_id": "a4747a2a-9cd8-47c9-95f1-29723e84d65b", "class_id": "com-snaplogic-snaps-mlnlp-tokenizer", "class_build_tag": "UNKNOWN", "class_fqid": "com-snaplogic-snaps-mlnlp-tokenizer_1-UNKNOWN", "instance_version": 1, "property_map": {"info": {"notes": {"value": null}, "label": {"value": "Tokenizer"}}, "view_serial": 100, "input": {"input0": {"label": {"value": "input0"}, "view_type": {"value": "document"}}}, "settings": {"textFieldPath": {"value": "$text"}, "wordOnly": {"value": true}}, "error": {"error0": {"label": {"value": "error0"}, "view_type": {"value": "document"}}, "error_behavior": {"value": "fail"}}, "output": {"output0": {"label": {"value": "output0"}, "view_type": {"value": "document"}}}}, "class_version": 1, "instance_fqid": "a4747a2a-9cd8-47c9-95f1-29723e84d65b_1"}, "fdc49520-edbd-4417-baa1-d9f9f06bd861": {"instance_id": "fdc49520-edbd-4417-baa1-d9f9f06bd861", "class_id": "com-snaplogic-snaps-transform-jsonformatter", "class_build_tag": "UNKNOWN", "class_fqid": "com-snaplogic-snaps-transform-jsonformatter_2-UNKNOWN", "instance_version": 1, "property_map": {"info": {"notes": {"value": null}, "label": {"value": "JSON Formatter"}}, "view_serial": 100, "input": {"input0": {"label": {"value": "input0"}, "view_type": {"value": "document"}}}, "settings": {"prettyPrint": {"value": false}, "contentPath": {"value": "$"}, "jsonLines": {"value": false}, "ignoreEmptyStream": {"value": false}, "header": {"value": [{"expression": {"expression": true, "value": null}, "targetPath": {"value": null}}]}, "formatSingleDocument": {"value": false}, "schema": {"expression": false, "value": null}}, "error": {"error0": {"label": {"value": "error0"}, "view_type": {"value": "binary"}}, "error_behavior": {"value": "fail"}}, "output": {"output0": {"label": {"value": "output0"}, "view_type": {"value": "binary"}}}}, "class_version": 2, "instance_fqid": "fdc49520-edbd-4417-baa1-d9f9f06bd861_1"}, "8e457eab-749c-48b4-9acd-3d898ad94c41": {"instance_id": "8e457eab-749c-48b4-9acd-3d898ad94c41", "class_id": "com-snaplogic-snaps-mldatapreparation-shuffle", "class_build_tag": "snapsmrc508", "class_fqid": "com-snaplogic-snaps-mldatapreparation-shuffle_1-snapsmrc508", "instance_version": 1, "property_map": {"info": {"label": {"value": "Shuffle"}}, "view_serial": 100, "input": {"input0": {"view_type": {"value": "document"}, "label": {"value": "input0"}}}, "settings": {"applySeed": {"value": true}, "seed": {"value": 12345}, "maxMemPerc": {"value": 10}}, "error": {"error0": {"view_type": {"value": "document"}, "label": {"value": "error0"}}, "error_behavior": {"value": "fail"}}, "output": {"output0": {"view_type": {"value": "document"}, "label": {"value": "output0"}}}}, "class_version": 1, "instance_fqid": "8e457eab-749c-48b4-9acd-3d898ad94c41_1"}, "60f37b6f-fdf2-442b-867b-d7101c020f1b": {"instance_id": "60f37b6f-fdf2-442b-867b-d7101c020f1b", "class_id": "com-snaplogic-snaps-transform-csvparser", "class_build_tag": "snapsmrc508", "class_fqid": "com-snaplogic-snaps-transform-csvparser_3-snapsmrc508", "instance_version": 4, "property_map": {"info": {"notes": {"value": null}, "label": {"value": "CSV Parser"}}, "view_serial": 100, "input": {"input0": {"label": {"value": "input0"}, "view_type": {"value": "binary"}}}, "settings": {"escapeChar": {"expression": false, "value": "\\"}, "quoteCharacter": {"expression": false, "value": "\""}, "containsHeader": {"value": false}, "charset": {"value": "Auto BOM detect"}, "skipLines": {"value": 0}, "delimiter": {"expression": false, "value": ","}, "errorPolicy": {"value": "Both"}, "columnList": {"value": []}, "validateHeaders": {"value": false}, "ignoreEmptyData": {"value": true}}, "error": {"error0": {"label": {"value": "error0"}, "view_type": {"value": "document"}}, "error_behavior": {"value": "ignore"}}, "output": {"output0": {"label": {"value": "output0"}, "view_type": {"value": "document"}}}}, "class_version": 3, "instance_fqid": "60f37b6f-fdf2-442b-867b-d7101c020f1b_4"}, "ad3c2c70-b888-44b2-acfc-84e011ac7b9c": {"instance_id": "ad3c2c70-b888-44b2-acfc-84e011ac7b9c", "class_id": "com-snaplogic-snaps-transform-jsonformatter", "class_build_tag": "UNKNOWN", "class_fqid": "com-snaplogic-snaps-transform-jsonformatter_2-UNKNOWN", "instance_version": 1, "property_map": {"info": {"notes": {"value": null}, "label": {"value": "JSON Formatter1"}}, "view_serial": 100, "input": {"input0": {"label": {"value": "input0"}, "view_type": {"value": "document"}}}, "settings": {"prettyPrint": {"value": false}, "contentPath": {"value": "$"}, "jsonLines": {"value": false}, "ignoreEmptyStream": {"value": false}, "header": {"value": [{"expression": {"expression": true, "value": null}, "targetPath": {"value": null}}]}, "formatSingleDocument": {"value": false}, "schema": {"expression": false, "value": null}}, "error": {"error0": {"label": {"value": "error0"}, "view_type": {"value": "binary"}}, "error_behavior": {"value": "fail"}}, "output": {"output0": {"label": {"value": "output0"}, "view_type": {"value": "binary"}}}}, "class_version": 2, "instance_fqid": "ad3c2c70-b888-44b2-acfc-84e011ac7b9c_1"}, "e8beea9b-ca4a-41d1-8c18-8216824db59e": {"instance_id": "e8beea9b-ca4a-41d1-8c18-8216824db59e", "class_id": "com-snaplogic-snaps-flow-copy", "class_build_tag": "UNKNOWN", "class_fqid": "com-snaplogic-snaps-flow-copy_1-UNKNOWN", "instance_version": 1, "property_map": {"info": {"label": {"value": "Copy"}}, "view_serial": 100, "input": {"input0": {"label": {"value": "input0"}, "view_type": {"value": "document"}}}, "settings": {}, "error": {"error0": {"label": {"value": "error0"}, "view_type": {"value": "document"}}, "error_behavior": {"value": "fail"}}, "output": {"output0": {"label": {"value": "output0"}, "view_type": {"value": "document"}}, "output1": {"label": {"value": "output1"}, "view_type": {"value": "document"}}}}, "class_version": 1, "instance_fqid": "e8beea9b-ca4a-41d1-8c18-8216824db59e_1"}, "25a1c269-2a36-45e2-93ea-0def3b4a3f89": {"instance_id": "25a1c269-2a36-45e2-93ea-0def3b4a3f89", "class_id": "com-snaplogic-snaps-binary-unzip", "class_build_tag": "snapsmrc508", "class_fqid": "com-snaplogic-snaps-binary-unzip_1-snapsmrc508", "instance_version": 2, "property_map": {"info": {"notes": {"value": null}, "label": {"value": "ZipFile Read"}}, "view_serial": 100, "account": {"account_ref": {"expression": false, "value": {}}}, "settings": {"executeDuringPreview": {"value": true}, "preventURLEncoding": {"value": false}, "filePath": {"expression": false, "value": "https://raw.githubusercontent.com/JumpThanawut/dataset/master/twitter_sentiment_analysis/tweet_1600000.csv.zip"}}, "error": {"error0": {"label": {"value": "error0"}, "view_type": {"value": "document"}}, "error_behavior": {"value": "fail"}}, "output": {"output0": {"label": {"value": "output0"}, "view_type": {"value": "binary"}}}}, "class_version": 1, "instance_fqid": "25a1c269-2a36-45e2-93ea-0def3b4a3f89_2"}, "63ada250-1529-4963-8c48-c061a1d5a83f": {"instance_id": "63ada250-1529-4963-8c48-c061a1d5a83f", "class_id": "com-snaplogic-snaps-transform-jsonformatter", "class_build_tag": "UNKNOWN", "class_fqid": "com-snaplogic-snaps-transform-jsonformatter_2-UNKNOWN", "instance_version": 1, "property_map": {"info": {"notes": {"value": null}, "label": {"value": "JSON Formatter2"}}, "view_serial": 100, "input": {"input0": {"label": {"value": "input0"}, "view_type": {"value": "document"}}}, "settings": {"prettyPrint": {"value": true}, "contentPath": {"value": "$"}, "jsonLines": {"value": false}, "ignoreEmptyStream": {"value": false}, "header": {"value": [{"expression": {"expression": true, "value": null}, "targetPath": {"value": null}}]}, "formatSingleDocument": {"value": false}, "schema": {"expression": false, "value": null}}, "error": {"error0": {"label": {"value": "error0"}, "view_type": {"value": "binary"}}, "error_behavior": {"value": "fail"}}, "output": {"output0": {"label": {"value": "output0"}, "view_type": {"value": "binary"}}}}, "class_version": 2, "instance_fqid": "63ada250-1529-4963-8c48-c061a1d5a83f_1"}, "4a4d1511-8b83-460d-aafd-d2b7cf38f014": {"instance_version": 1, "class_id": "com-snaplogic-snaps-binary-compress", "class_build_tag": "snapsmrc508", "class_fqid": "com-snaplogic-snaps-binary-compress_1-snapsmrc508", "instance_id": "4a4d1511-8b83-460d-aafd-d2b7cf38f014", "property_map": {"info": {"label": {"value": "Compress"}}, "view_serial": 100, "input": {"input0": {"label": {"value": "input0"}, "view_type": {"value": "binary"}}}, "settings": {"scheme": {"value": "GZIP"}}, "error": {"error0": {"label": {"value": "error0"}, "view_type": {"value": "binary"}}, "error_behavior": {"value": "fail"}}, "output": {"output0": {"label": {"value": "output0"}, "view_type": {"value": "binary"}}}}, "class_version": 1, "instance_fqid": "4a4d1511-8b83-460d-aafd-d2b7cf38f014_1"}, "116e85d9-1be9-4496-ba83-c6391de1b440": {"instance_id": "116e85d9-1be9-4496-ba83-c6391de1b440", "class_id": "com-snaplogic-snaps-binary-write", "class_build_tag": "UNKNOWN", "class_fqid": "com-snaplogic-snaps-binary-write_3-UNKNOWN", "instance_version": 2, "property_map": {"info": {"notes": {"value": null}, "label": {"value": "Write Profile"}}, "view_serial": 100, "account": {"account_ref": {"expression": false, "value": {}}}, "settings": {"createDir": {"value": false}, "retries": {"value": 0}, "flushIntervalKb": {"value": -1}, "writeHeader": {"value": false}, "executable_during_suggest": {"value": false}, "filename": {"expression": false, "value": "twitter_profile.json"}, "writeEmptyFile": {"value": false}, "UserPermissionsKey": {"value": []}, "validate": {"value": false}, "fileAction": {"value": "OVERWRITE"}}, "error": {"error0": {"view_type": {"value": "document"}, "label": {"value": "error0"}}, "error_behavior": {"value": "fail"}}, "input": {"input0": {"view_type": {"value": "binary"}, "label": {"value": "input0"}}}}, "class_version": 3, "instance_fqid": "116e85d9-1be9-4496-ba83-c6391de1b440_2"}, "683bc95c-1457-46e5-81b3-8bfee9ebf3bc": {"instance_id": "683bc95c-1457-46e5-81b3-8bfee9ebf3bc", "class_id": "com-snaplogic-snaps-flow-copy", "class_build_tag": "UNKNOWN", "class_fqid": "com-snaplogic-snaps-flow-copy_1-UNKNOWN", "instance_version": 1, "property_map": {"info": {"label": {"value": "Copy1"}}, "view_serial": 100, "input": {"input0": {"label": {"value": "input0"}, "view_type": {"value": "document"}}}, "settings": {}, "error": {"error0": {"label": {"value": "error0"}, "view_type": {"value": "document"}}, "error_behavior": {"value": "fail"}}, "output": {"output0": {"label": {"value": "output0"}, "view_type": {"value": "document"}}, "output1": {"label": {"value": "output1"}, "view_type": {"value": "document"}}}}, "class_version": 1, "instance_fqid": "683bc95c-1457-46e5-81b3-8bfee9ebf3bc_1"}, "2c2f0608-7c0b-4d0a-89e2-7b405d22f67d": {"instance_id": "2c2f0608-7c0b-4d0a-89e2-7b405d22f67d", "class_id": "com-snaplogic-snaps-flow-copy", "class_build_tag": "UNKNOWN", "class_fqid": "com-snaplogic-snaps-flow-copy_1-UNKNOWN", "instance_version": 1, "property_map": {"info": {"label": {"value": "Copy2"}}, "view_serial": 100, "input": {"input0": {"label": {"value": "input0"}, "view_type": {"value": "document"}}}, "settings": {}, "error": {"error0": {"label": {"value": "error0"}, "view_type": {"value": "document"}}, "error_behavior": {"value": "fail"}}, "output": {"output0": {"label": {"value": "output0"}, "view_type": {"value": "document"}}, "output1": {"label": {"value": "output1"}, "view_type": {"value": "document"}}}}, "class_version": 1, "instance_fqid": "2c2f0608-7c0b-4d0a-89e2-7b405d22f67d_1"}, "b901bbd0-124c-47f7-8473-473627154b2d": {"instance_id": "b901bbd0-124c-47f7-8473-473627154b2d", "class_id": "com-snaplogic-snaps-mlnlp-commonwords", "class_build_tag": "UNKNOWN", "class_fqid": "com-snaplogic-snaps-mlnlp-commonwords_1-UNKNOWN", "instance_version": 1, "property_map": {"info": {"notes": {"value": null}, "label": {"value": "Common Words"}}, "view_serial": 100, "input": {"input0": {"label": {"value": "input0"}, "view_type": {"value": "document"}}}, "settings": {"tokensFieldPath": {"value": "$text"}, "wordsLimitExp": {"expression": false, "value": 200}}, "error": {"error0": {"label": {"value": "error0"}, "view_type": {"value": "document"}}, "error_behavior": {"value": "fail"}}, "output": {"output0": {"label": {"value": "output0"}, "view_type": {"value": "document"}}}}, "class_version": 1, "instance_fqid": "b901bbd0-124c-47f7-8473-473627154b2d_1"}, "78c39cd0-abf4-401a-8f64-77ad7002efd2": {"instance_id": "78c39cd0-abf4-401a-8f64-77ad7002efd2", "class_id": "com-snaplogic-snaps-mlnlp-bagofwords", "class_build_tag": "UNKNOWN", "class_fqid": "com-snaplogic-snaps-mlnlp-bagofwords_1-UNKNOWN", "instance_version": 1, "property_map": {"info": {"notes": {"value": null}, "label": {"value": "Bag of Words"}}, "view_serial": 100, "input": {"input0": {"label": {"value": "Data"}, "view_type": {"value": "document"}}, "input1": {"label": {"value": "Common Words"}, "view_type": {"value": "document"}}}, "settings": {"tokensFieldPath": {"value": "$text"}}, "error": {"error0": {"label": {"value": "error0"}, "view_type": {"value": "document"}}, "error_behavior": {"value": "fail"}}, "output": {"output0": {"label": {"value": "output0"}, "view_type": {"value": "document"}}}}, "class_version": 1, "instance_fqid": "78c39cd0-abf4-401a-8f64-77ad7002efd2_1"}, "4801c538-973c-400b-997c-e0276e348a98": {"instance_version": 2, "class_id": "com-snaplogic-snaps-transform-datatransform", "class_build_tag": "snapsmrc508", "class_fqid": "com-snaplogic-snaps-transform-datatransform_4-snapsmrc508", "instance_id": "4801c538-973c-400b-997c-e0276e348a98", "property_map": {"info": {"notes": {"value": null}, "label": {"value": "Mapper"}}, "view_serial": 100, "input": {"input0": {"view_type": {"value": "document"}, "label": {"value": "input0"}}}, "settings": {"nullSafeAccess": {"value": false}, "passThrough": {"value": false}, "transformations": {"value": {"mappingTable": {"value": [{"targetPath": {"value": "$sentiment"}, "expression": {"expression": true, "value": "$field001 == \"0\" ? \"negative\" : \"positive\""}}, {"targetPath": {"value": "$text"}, "expression": {"expression": true, "value": "$field006"}}]}, "mappingRoot": {"value": "$"}}}}, "error": {"error0": {"view_type": {"value": "document"}, "label": {"value": "error0"}}, "error_behavior": {"value": "ignore"}}, "output": {"output0": {"view_type": {"value": "document"}, "label": {"value": "output0"}}}}, "class_version": 4, "instance_fqid": "4801c538-973c-400b-997c-e0276e348a98_2"}, "576215b4-36bb-439d-8ba9-e503192cc531": {"instance_id": "576215b4-36bb-439d-8ba9-e503192cc531", "class_id": "com-snaplogic-snaps-mlanalytics-profile", "class_build_tag": "UNKNOWN", "class_fqid": "com-snaplogic-snaps-mlanalytics-profile_1-UNKNOWN", "instance_version": 1, "property_map": {"info": {"notes": {"value": null}, "label": {"value": "Profile"}}, "view_serial": 100, "input": {"input0": {"label": {"value": "input0"}, "view_type": {"value": "document"}}}, "settings": {"binExp": {"expression": false, "value": 3}, "maxMemPerc": {"expression": false, "value": 10}, "topValueLimitExp": {"expression": false, "value": 100}, "includeValDist": {"value": true}}, "error": {"error0": {"label": {"value": "error0"}, "view_type": {"value": "document"}}, "error_behavior": {"value": "fail"}}, "output": {"output0": {"label": {"value": "output0"}, "view_type": {"value": "document"}}}}, "class_version": 1, "instance_fqid": "576215b4-36bb-439d-8ba9-e503192cc531_1"}}, "path": "/SLPROD/ML_PROD/Twitter Sentiment Analysis/Twitter - 1 - Data preparation", "instance_version": 22, "scrub_backup": [], "name": "Twitter - 1 - Data preparation", "class_id": "com-snaplogic-pipeline", "render_map": {"pan_x_num": 0, "default_snaplex": "598b808844ecb46159d7fcd1", "scale_ratio": 1, "detail_map": {"5c079a75-2276-4e86-8836-f7a04afcc502": {"grid_x_int": 9, "index": null, "recommendation_id": null, "source": "", "grid_y_int": 4, "rot_tail_int": 0, "rot_int": 0}, "ecd4dabf-d78f-4a6f-b12e-85aee3dd9b60": {"grid_x_int": 13, "index": null, "recommendation_id": null, "source": "", "grid_y_int": 2, "rot_tail_int": 0, "rot_int": 0}, "60f37b6f-fdf2-442b-867b-d7101c020f1b": {"grid_x_int": 2, "index": 1, "recommendation_id": "09cc6206-c31c-435d-816f-e585041c8015_0", "source": "iris panel", "grid_y_int": 2, "rot_tail_int": 0, "rot_int": 0}, "8e457eab-749c-48b4-9acd-3d898ad94c41": {"grid_x_int": 10, "index": null, "recommendation_id": null, "source": "snap catagory", "grid_y_int": 2, "rot_tail_int": 0, "output": {}, "input": {}, "rot_int": 0}, "fdc49520-edbd-4417-baa1-d9f9f06bd861": {"grid_x_int": 8, "index": null, "recommendation_id": null, "source": "", "grid_y_int": 4, "rot_tail_int": 0, "output": {}, "input": {}, "rot_int": 0}, "ad3c2c70-b888-44b2-acfc-84e011ac7b9c": {"grid_x_int": 11, "index": null, "recommendation_id": null, "source": "", "grid_y_int": 2, "rot_tail_int": 0, "output": {}, "input": {}, "rot_int": 0}, "683bc95c-1457-46e5-81b3-8bfee9ebf3bc": {"grid_x_int": 7, "index": null, "recommendation_id": null, "source": "", "grid_y_int": 3, "rot_tail_int": 0, "output": {"output1": {"dx_int": 0, "rot_int": 0, "dy_int": 1}}, "input": {}, "rot_int": 0}, "e8beea9b-ca4a-41d1-8c18-8216824db59e": {"grid_x_int": 5, "index": null, "recommendation_id": null, "source": "", "grid_y_int": 2, "rot_tail_int": 0, "output": {"output1": {"dx_int": 0, "rot_int": 0, "dy_int": 1}}, "input": {}, "rot_int": 0}, "25a1c269-2a36-45e2-93ea-0def3b4a3f89": {"grid_x_int": 1, "index": null, "recommendation_id": null, "source": "snap catagory", "grid_y_int": 2, "rot_tail_int": 0, "rot_int": 0}, "63ada250-1529-4963-8c48-c061a1d5a83f": {"grid_x_int": 11, "index": null, "recommendation_id": null, "source": "", "grid_y_int": 3, "rot_tail_int": 0, "output": {}, "input": {}, "rot_int": 0}, "4a4d1511-8b83-460d-aafd-d2b7cf38f014": {"grid_x_int": 12, "index": null, "recommendation_id": null, "source": "snap catagory", "grid_y_int": 2, "rot_tail_int": 0, "output": {}, "input": {}, "rot_int": 0}, "116e85d9-1be9-4496-ba83-c6391de1b440": {"grid_x_int": 12, "index": null, "recommendation_id": null, "source": "", "grid_y_int": 3, "rot_tail_int": 0, "rot_int": 0}, "a4747a2a-9cd8-47c9-95f1-29723e84d65b": {"grid_x_int": 4, "index": null, "recommendation_id": null, "source": "", "grid_y_int": 2, "rot_tail_int": 0, "output": {}, "input": {}, "rot_int": 0}, "576215b4-36bb-439d-8ba9-e503192cc531": {"grid_x_int": 10, "index": null, "recommendation_id": null, "source": "", "grid_y_int": 3, "rot_tail_int": 0, "output": {}, "input": {}, "rot_int": 0}, "b901bbd0-124c-47f7-8473-473627154b2d": {"grid_x_int": 6, "index": null, "recommendation_id": null, "source": "", "grid_y_int": 3, "rot_tail_int": 0, "output": {}, "input": {}, "rot_int": 0}, "78c39cd0-abf4-401a-8f64-77ad7002efd2": {"grid_x_int": 8, "index": null, "recommendation_id": null, "source": "", "grid_y_int": 2, "rot_tail_int": 0, "output": {}, "input": {"input1": {"dx_int": 0, "rot_int": 0, "dy_int": 1}}, "rot_int": 0}, "4801c538-973c-400b-997c-e0276e348a98": {"grid_x_int": 3, "index": 0, "recommendation_id": "61af3a30-f3a2-4f6c-b65d-2e46f22a62c3_0", "source": "iris placeholder", "grid_y_int": 2, "rot_tail_int": 0, "rot_int": 0}, "2c2f0608-7c0b-4d0a-89e2-7b405d22f67d": {"grid_x_int": 9, "index": null, "recommendation_id": null, "source": "", "grid_y_int": 2, "rot_tail_int": 0, "output": {"output1": {"dx_int": 0, "rot_int": 0, "dy_int": 1}}, "input": {}, "rot_int": 0}}, "pan_y_num": 0}, "org_id": "58865f13a87b6d3e560d8374", "instance_id": "d606cbc3-28b6-404b-9b1d-2bf6a290cba7"}, {"note": "", "runs": 2, "job_id": "5c6f90477f05b4001dfdbbd6", "parameters": {"execution_timeout": null, "user_id": "jumpthanawut@snaplogic.com", "runtime_path_id": "SLPROD/rt/cloud/iris", "pipeline_parameters": {"token": "snaplogic_ml_showcase"}, "debug_until": 0, "max_failures": 10, "job_alias": "", "llfeed_token": null, "include_external_urls": true, "job_type": "regular", "max_in_flight": 200, "pipeline_snode_id": "5c6efc61bc9ffa03c00cd740", "notification": {"recipients": null}, "watchdog": {"instances": 1, "per": "PLEX"}, "enabled": true}, "trigger_type": "ScheduleTrigger", "all_llfeed_run_urls": ["https://pa23sl-fmsv-ux01762.fsac5.snaplogic.net:8084/api/1/rest/feed-master/queue/SLPROD/ML_PROD/Twitter%20Sentiment%20Analysis/Twitter%20-%203%20-%20API-Task"], "schedule": {"always_on": true}, "job_class": "PipelineJob", "path_id": "SLPROD/ML_PROD/Twitter Sentiment Analysis", "trace_path": "SLPROD/ML_PROD/Twitter Sentiment Analysis/Twitter - 3 - API-Task.trace", "trigger": {"always_on": true}, "snode_id": "5c6f905357bb7c0386bc3f26", "llfeed_run_urls": ["https://prod-slprod-fm.snaplogic.io/api/1/rest/feed-master/queue/SLPROD/ML_PROD/Twitter%20Sentiment%20Analysis/Twitter%20-%203%20-%20API-Task"], "job_name": "Twitter - 3 - API-Task"}, {"class_id": "com-snaplogic-file", "file_name": "twitter_common_words.json", "file_path": "/SLPROD/ML_PROD/Twitter Sentiment Analysis/twitter_common_words.json", "snode_id": "5c6ef1084503bf03677788e7"}, {"class_id": "com-snaplogic-file", "file_name": "twitter_processed.json", "file_path": "/SLPROD/ML_PROD/Twitter Sentiment Analysis/twitter_processed.json", "snode_id": "5c6ef2b68a0d0f0222ad65fd"}, {"class_id": "com-snaplogic-file", "file_name": "twitter_profile.json", "file_path": "/SLPROD/ML_PROD/Twitter Sentiment Analysis/twitter_profile.json", "snode_id": "5c6ef32d870d3702e8220229"}, {"class_id": "com-snaplogic-file", "file_name": "twitter_model.json", "file_path": "/SLPROD/ML_PROD/Twitter Sentiment Analysis/twitter_model.json", "snode_id": "5c6f031af952e903b77b11bc"}, {"class_id": "com-snaplogic-file", "file_name": "twitter_leaderboard.csv", "file_path": "/SLPROD/ML_PROD/Twitter Sentiment Analysis/twitter_leaderboard.csv", "snode_id": "5c701e41a9206603841416ae"}], "class_version": 1, "partition_shared": [], "shared": [], "path": "SLPROD/ML_PROD/Twitter Sentiment Analysis", "metadata": {"pattern": false}}